county,year,population,total_cases_annual,avg_tmean_annual,total_ppt_annual
ALAMEDA,2002,2000000,0,14.695387625189685,485.36911671460757
ALAMEDA,2003,1285714,12,15.107499576329765,438.35294292765
ALAMEDA,2004,1333333,12,15.06982531297354,467.82167700595863
ALAMEDA,2005,1375000,12,14.850586673780304,651.1188595706285
ALAMEDA,2006,1363636,24,14.625247543451016,608.124812966415
ALAMEDA,2007,1368421,24,14.390998269935555,330.5101691053659
ALAMEDA,2008,1350000,24,14.474468781834558,398.1737119220316
ALAMEDA,2009,1333333,12,14.553182667420234,487.6454429480255
ALAMEDA,2010,1428571,24,14.323540559731674,649.2411426286532
ALAMEDA,2011,1437500,24,14.014373660508078,443.7323229799576
ALAMEDA,2012,1400000,24,14.43030504974318,623.6810388199746
ALAMEDA,2013,1473684,24,14.688060145739735,126.78439782532436
ALAMEDA,2014,1500000,24,16.080352893161606,566.4602510506495
ALAMEDA,2015,1520000,36,15.793409680142815,261.29050523651017
ALAMEDA,2016,1500000,48,15.392064611222168,625.7461016743695
ALAMEDA,2017,1534884,72,15.445673471510515,696.9143664051576
ALAMEDA,2018,1530612,72,14.944967945206523,462.1523806062807
ALAMEDA,2019,1548387,96,15.205543799795592,607.6070449029528
ALAMEDA,2020,1558140,72,15.791815375945346,193.1861480712155
ALAMEDA,2021,1555556,96,14.755860340448073,541.0363602981669
ALAMEDA,2022,1520000,72,14.845667996944783,359.4854399798125
ALAMEDA,2023,1525424,96,14.5570279408174,744.8578180924142
AMADOR,2004,37037,0,15.405360787113509,708.421600438279
AMADOR,2005,37037,0,15.429913357893627,1127.756008002325
AMADOR,2006,38095,0,15.178948933879534,995.0153014226238
AMADOR,2007,37736,0,15.115248509248097,568.2362105420953
AMADOR,2008,37975,0,15.261699460198482,574.9697295213185
AMADOR,2009,37736,0,15.021945915619533,714.1185536168283
AMADOR,2010,37736,0,14.346852252880732,1177.3656349562248
AMADOR,2011,37037,0,13.867267183959484,806.2474209472537
AMADOR,2012,37037,0,14.976572662591934,984.3654027034696
AMADOR,2015,37037,0,15.698787999153136,620.139842923636
AMADOR,2017,38462,0,15.465220181147258,1333.9699311956763
AMADOR,2018,40000,12,15.429953348636626,779.1432044289774
AMADOR,2019,40323,0,14.925239159663517,1147.7792766481434
AMADOR,2020,40462,12,16.090664196014405,503.02666001173156
AMADOR,2021,40000,0,15.65602319041888,863.5290838968906
AMADOR,2022,40000,0,15.637905277808507,658.4431504826003
AMADOR,2023,40000,12,14.616101931532224,1028.6053287211457
CALAVERAS,2003,43478,0,15.07129253234182,733.3392447133792
CALAVERAS,2011,45455,0,13.762503576420603,797.5018122478784
CALAVERAS,2012,45455,0,14.964911844049182,939.2593079658192
CALAVERAS,2013,45455,0,14.962855732157117,258.6323179133719
CALAVERAS,2014,45455,0,15.99488178605125,736.2863724822756
CALAVERAS,2015,45455,0,15.488383828884078,618.574006067241
CALAVERAS,2016,45455,0,15.283449702319645,1004.3389174620035
CALAVERAS,2018,45455,0,15.367656675123033,772.8846708657885
CALAVERAS,2019,45455,0,14.641457182310877,1169.8868279700703
CALAVERAS,2020,45198,12,15.83572436372439,466.8801482313053
CALAVERAS,2021,45455,0,15.676510441870917,808.3660996275433
CALAVERAS,2022,44444,0,15.486126390241441,595.4005205457165
CALAVERAS,2023,45455,0,14.562032217692051,1057.7980122216275
COLUSA,2004,20134,0,16.407456384764778,525.4363158311703
COLUSA,2005,20408,0,16.20080868403117,635.7811219179202
COLUSA,2006,20833,0,16.139170269171398,540.0349778238359
COLUSA,2011,21277,0,15.394240107801226,494.8223879461487
COLUSA,2015,21277,0,17.34483293692271,228.7097876710468
COLUSA,2016,21739,0,16.933342662122513,526.0405901021246
COLUSA,2018,21739,0,16.709045502874588,376.57002216090285
COLUSA,2019,21739,0,16.360271043247646,711.2659174966914
COLUSA,2020,21739,0,17.226823336548275,146.64558885455335
COLUSA,2022,21739,0,17.022478461265564,253.2963952282565
CONTRA COSTA,2001,1000000,12,15.57305338603662,585.6788904486223
CONTRA COSTA,2002,1000000,12,15.077760506962345,456.4439772325814
CONTRA COSTA,2003,1000000,12,15.342561829634226,411.2948357073215
CONTRA COSTA,2004,1000000,24,15.339098424007949,479.70821603934263
CONTRA COSTA,2005,1000000,24,15.138678471741999,662.8039958258247
CONTRA COSTA,2006,1000000,24,14.985456699652296,590.3023703670342
CONTRA COSTA,2007,1000000,24,14.898590783195708,305.2532677773446
CONTRA COSTA,2008,1000000,12,14.977632551602143,384.58944555533253
CONTRA COSTA,2009,1076923,12,14.856826158974675,508.76871742353495
CONTRA COSTA,2010,1066667,12,14.534018753475173,623.9712537330711
CONTRA COSTA,2011,1068966,36,14.177306731212187,460.58505413320194
CONTRA COSTA,2012,1074074,24,14.96292724236743,610.7656859085215
CONTRA COSTA,2013,1085714,36,15.221702251856422,135.7006003410401
CONTRA COSTA,2014,1111111,24,16.60793218639052,558.9783708282631
CONTRA COSTA,2015,1136364,48,16.372051094082874,245.27892282068197
CONTRA COSTA,2016,1135593,72,15.93116452749999,617.306753482956
CONTRA COSTA,2017,1155844,84,15.977864141615925,716.5955968483117
CONTRA COSTA,2018,1159574,108,15.601580283783614,462.08333892140615
CONTRA COSTA,2019,1165217,132,15.725638764692706,642.1519064829075
CONTRA COSTA,2020,1169355,144,16.427325973866886,181.08205218190332
CONTRA COSTA,2021,1163793,132,15.702355594061222,533.8137746943473
CONTRA COSTA,2022,1146667,84,15.59792579984599,318.92232214788606
CONTRA COSTA,2023,1142857,156,15.035974922516534,743.0864298537902
DEL NORTE,2016,27027,0,11.964204661548138,2667.172976087546
DEL NORTE,2017,27027,0,11.420292258262634,2491.6670915037394
DEL NORTE,2023,26316,0,11.260647083322207,1963.1023136140138
FRESNO,2001,820896,60,17.542226520395943,353.95389872369327
FRESNO,2002,829545,72,17.137659359051398,222.82785011824518
FRESNO,2003,845238,144,17.5290989603323,256.5442304296173
FRESNO,2004,860927,132,17.175183282069586,287.7993257645352
FRESNO,2005,871053,336,17.23068440236979,371.2765868916503
FRESNO,2006,886667,660,16.985844446486897,401.45706539860754
FRESNO,2007,898876,396,17.07092162601098,179.21877370882513
FRESNO,2008,912429,324,17.24500222321186,216.09179715838323
FRESNO,2009,924386,492,17.201479932091853,237.01039838989396
FRESNO,2010,930591,720,16.739829619261954,497.66827232523224
FRESNO,2011,942308,732,16.40987646491715,290.0868732020235
FRESNO,2012,948919,480,17.83139866625821,273.40116009173676
FRESNO,2013,954407,312,17.660952708787388,79.87122917172405
FRESNO,2014,964706,168,19.072795090275232,212.64812367668523
FRESNO,2015,972222,276,18.213708525715326,220.636386831051
FRESNO,2016,977707,612,18.09759375973984,398.64818135851345
FRESNO,2017,985816,840,18.11451983533731,337.6227137197904
FRESNO,2018,993837,648,18.301520057828338,248.30363966689214
FRESNO,2019,1001603,624,17.87713500596859,362.33426270957807
FRESNO,2020,1006726,444,18.419928151882356,170.38395709378483
FRESNO,2021,1009852,408,18.43436206612322,282.92552640038605
FRESNO,2022,1011287,444,18.353148083957258,185.1560555391986
FRESNO,2023,1016129,564,17.60982276304004,412.358867947681
GLENN,2002,26667,0,16.422632604837418,478.80999962519854
GLENN,2004,27027,0,16.63314663867156,603.2948045031455
GLENN,2006,27778,0,16.44089625775814,603.3777395903567
GLENN,2017,28169,0,17.47921045621236,587.0367419525937
GLENN,2019,28571,0,16.890258476138115,791.6755739643268
GLENN,2020,28571,0,18.002751529216766,152.42037202378333
GLENN,2021,28846,0,17.82234699030717,419.5489809559658
GLENN,2022,28571,0,17.75226780772209,272.0146970677015
GLENN,2023,28571,0,16.680860191583633,675.9345517344773
IMPERIAL,2003,142857,0,23.01840894619624,56.81201479436383
IMPERIAL,2004,153846,0,22.429214030504227,112.33377477144495
IMPERIAL,2005,166667,0,22.774256360530853,108.92280686826253
IMPERIAL,2006,160000,0,22.84553523262342,10.414789737949468
IMPERIAL,2007,166667,12,22.66783242225647,39.6322242076586
IMPERIAL,2008,170732,12,22.946393338839215,60.86208130178947
IMPERIAL,2009,173077,12,23.074502740303675,17.185757029093654
IMPERIAL,2010,173913,0,22.725254132350287,138.30894449742826
IMPERIAL,2011,178571,0,22.42398725350698,44.11645771466319
IMPERIAL,2012,176471,12,23.249302927652995,45.66702988156812
IMPERIAL,2013,178571,0,22.61300835410754,86.40977980714415
IMPERIAL,2014,181818,0,23.532638639211655,35.61216834376899
IMPERIAL,2015,181818,0,23.337974601984023,59.33824934704327
IMPERIAL,2016,180328,12,23.500854992866515,56.73532923646497
IMPERIAL,2017,180723,12,23.745557928085326,55.634664761348176
IMPERIAL,2018,180952,24,23.500235615173978,69.1941637096519
IMPERIAL,2019,180851,12,22.414531725645066,132.69567317920738
IMPERIAL,2020,178571,0,23.503911471366884,74.32875951970131
IMPERIAL,2021,166667,0,23.593350422382354,49.93940770400368
IMPERIAL,2022,179487,24,23.35644013484319,47.16264378227716
IMPERIAL,2023,179487,24,22.612984327475232,88.46888122653702
INYO,2006,18519,0,12.06283802641297,213.2427252838388
INYO,2014,18868,0,13.668439070280227,144.24851378658786
INYO,2020,18868,0,13.575327070636881,100.21992557665605
INYO,2021,18868,0,13.479904292823953,194.87247996704536
INYO,2022,18868,0,13.294931361141304,136.60867373442056
INYO,2023,18868,0,11.768778225613966,384.3556755259633
KERN,2001,679570,948,17.978652502941546,220.33138492516792
KERN,2002,696566,996,17.68456793622782,114.00486058420861
KERN,2003,717695,1236,18.065681583547995,167.69148314836792
KERN,2004,740030,1464,17.59184697796564,166.0714943611893
KERN,2005,762025,1500,17.615756256937306,248.1513525782213
KERN,2006,786100,1020,17.49056000266708,169.6345535390908
KERN,2007,805668,1392,17.51556828508606,85.9022904396124
KERN,2008,820236,840,17.685619414820845,117.08239664457194
KERN,2009,831476,600,17.645265255354893,124.28516449047417
KERN,2010,839772,1908,16.979772689652307,350.8518064570828
KERN,2011,850182,2568,16.65170168683017,145.49033873622116
KERN,2012,858333,1848,18.11625650112575,129.0500068014689
KERN,2013,867224,1656,17.816761084195583,87.39381981517133
KERN,2014,872540,936,19.23220637996318,130.31210820884027
KERN,2015,878345,1080,18.596892082085045,128.85061590102637
KERN,2016,880655,2256,18.68726654940069,195.32714596090446
KERN,2017,888112,2796,18.6205781218359,193.6102339951489
KERN,2018,895599,2952,18.441804228529417,150.65064566566144
KERN,2019,903148,3384,17.691843087057514,292.372434663161
KERN,2020,905252,2640,18.26833307860935,154.28878113325496
KERN,2021,908213,2820,18.42144321528195,150.69560705537148
KERN,2022,908406,2412,18.41944875597617,109.38345999276821
KERN,2023,910245,3012,17.344582457442655,335.54533279773875
KINGS,2001,132616,36,17.828248908442834,248.0708984022119
KINGS,2002,134503,48,17.375534193490143,131.86236323338403
KINGS,2003,138587,48,17.65583339557853,169.39476945628522
KINGS,2004,142578,72,17.19131019294903,219.47208719408033
KINGS,2005,144633,132,17.25338520798632,239.25027728626821
KINGS,2006,147468,228,16.892043790509625,285.53089153382086
KINGS,2007,150327,144,16.96387282622758,111.42472586748491
KINGS,2008,151888,180,17.185651261319396,146.88337210007012
KINGS,2009,151786,204,17.052718873946898,151.78901916129456
KINGS,2010,152992,384,16.584194134640438,350.1085285464125
KINGS,2011,151515,372,16.265864955481664,205.0334958888782
KINGS,2012,149752,240,17.592181938950734,171.7855552348173
KINGS,2013,149584,108,17.539040015589805,60.14317036058674
KINGS,2014,148571,72,19.02497132619222,160.52219713944191
KINGS,2015,148571,108,18.393472702272476,132.644879631531
KINGS,2016,147613,240,18.38824620554524,212.80441601319575
KINGS,2017,148936,276,18.21763641090803,228.93982223371015
KINGS,2018,151092,168,18.02702381533961,173.7798149454137
KINGS,2019,151724,216,17.74354164574736,274.7891518454398
KINGS,2020,152132,156,18.01363347550874,127.56056326919767
KINGS,2021,151570,168,18.17540689181256,201.9297985857683
KINGS,2022,151351,168,18.094674833359257,130.01210973800102
KINGS,2023,152322,264,17.565609634563486,304.2029236625343
LAKE,2004,62500,0,14.796233124203152,917.5356522812609
LAKE,2009,62500,0,14.41380644979931,589.095952387367
LAKE,2010,66667,0,13.662567624970087,1161.5305824857794
LAKE,2016,66667,0,15.06919174724155,1103.1740177245367
LAKE,2017,68966,0,15.281845694496518,1222.753545243917
LAKE,2018,66667,0,15.252865933236622,709.857641798792
LAKE,2019,68966,0,14.656994648396022,1319.0901862648952
LAKE,2020,66667,0,15.747864539661105,317.52285926443307
LASSEN,2001,33898,0,9.083495611531866,276.41420257707716
LASSEN,2003,33898,0,9.342620273189688,435.0802028117081
LASSEN,2004,34483,0,8.96806723940945,322.8025999069214
LASSEN,2006,34483,0,8.67095102553894,445.66169003849546
LASSEN,2007,35714,0,8.855080816480848,229.5914247226384
LASSEN,2015,31690,12,10.30866237177893,393.4485649197725
LASSEN,2016,32258,0,9.6956948419274,583.717142661066
LASSEN,2018,33333,0,9.468420745942879,464.7528170688052
LASSEN,2020,31250,0,9.924380804170612,290.343090498712
LASSEN,2022,29412,0,9.365000758044145,325.3949391129168
LASSEN,2023,28571,0,8.50876325417172,569.887770966575
LOS ANGELES,2001,9500000,72,17.26664244818066,472.8578130640451
LOS ANGELES,2002,8800000,84,17.38400738459073,193.79850526105326
LOS ANGELES,2003,8909091,96,18.185904928900516,355.594734160476
LOS ANGELES,2004,9250000,144,17.974205257451448,462.6922403657707
LOS ANGELES,2005,9333333,228,17.854130717158398,685.1476303355674
LOS ANGELES,2006,9142857,192,18.239718744065176,325.31162168555295
LOS ANGELES,2007,9176471,156,18.039056076283604,150.0060338260495
LOS ANGELES,2008,9333333,228,18.465864439319592,358.91373700815046
LOS ANGELES,2009,9200000,180,18.192252609167564,252.6734284042532
LOS ANGELES,2010,9240000,228,17.50852354783254,647.7743223236258
LOS ANGELES,2011,9151515,300,17.383087082472976,313.83907015946704
LOS ANGELES,2012,9454545,312,18.406615072261832,234.64598487497105
LOS ANGELES,2013,9388889,336,18.358549046102333,105.01390335276561
LOS ANGELES,2014,9575000,384,19.683845396828637,227.59384601155634
LOS ANGELES,2015,9472727,516,19.585588177618536,173.92230685805183
LOS ANGELES,2016,9520000,720,19.03026385472947,292.9407148522296
LOS ANGELES,2017,9536842,912,19.228037404042524,344.60814064596644
LOS ANGELES,2018,9576923,996,19.025126810924323,252.49928595822234
LOS ANGELES,2019,9578947,1092,18.026873483184822,594.1608830492478
LOS ANGELES,2020,9560748,1020,18.893176178002086,247.31804469972914
LOS ANGELES,2021,9380952,1380,17.90716667285185,320.1928584309289
LOS ANGELES,2022,9246835,1464,18.591648031332213,173.49710681476458
LOS ANGELES,2023,9227586,1344,17.281271930511746,795.6495810079344
MADERA,2001,127273,12,16.38201365473808,462.3006294735618
MADERA,2002,128571,24,15.933626080552736,339.37488364864845
MADERA,2003,132530,12,16.279607293780384,308.52523925884475
MADERA,2004,136364,24,16.06798169104492,375.5519154599187
MADERA,2005,139785,24,16.12485181306507,502.33058287517633
MADERA,2006,143541,24,15.949473733265027,485.03443395072316
MADERA,2007,147059,24,16.051803121014554,216.7364278909004
MADERA,2008,148936,24,16.16722488293753,299.12501846971196
MADERA,2009,150289,24,16.12276166516776,352.39112704302295
MADERA,2010,150685,36,15.672667523663417,603.3082132406954
MADERA,2011,151203,48,15.29913379624486,385.54599416728456
MADERA,2012,150000,24,16.47542765824234,401.04814446621134
MADERA,2013,151316,48,16.295438795587888,92.80253439098905
MADERA,2014,152838,36,17.8112908183944,248.57014336180825
MADERA,2015,152975,48,17.19155821613237,246.33356999990622
MADERA,2016,153125,48,16.96252501668299,483.1318952377803
MADERA,2017,154217,60,16.9182062006519,456.8949203726994
MADERA,2018,155496,60,17.009862335992285,368.16129741064543
MADERA,2019,155340,60,16.74652199655333,491.99041658970515
MADERA,2020,156028,24,17.110815170841914,213.5621898377437
MADERA,2021,156627,36,17.123029331147087,365.35734830902106
MADERA,2022,157182,60,17.055846988570458,260.99371331986805
MADERA,2023,158470,60,16.302058881842623,512.2475776609101
MARIPOSA,2015,17699,0,14.680041771796015,510.26359893009067
MARIPOSA,2016,17647,0,14.386348702013493,884.5715823428085
MARIPOSA,2017,17544,0,14.497152497474518,1191.9316620247507
MARIPOSA,2018,17241,0,14.455705062382751,762.9063417011057
MARIPOSA,2019,17241,0,13.67245363858011,1028.4925609537374
MARIPOSA,2020,17241,0,15.08569443060292,382.6935398366768
MARIPOSA,2021,16949,0,15.320487070621715,707.332153347386
MARIPOSA,2022,16949,0,15.193379778828886,562.2646831745418
MARIPOSA,2023,16949,0,13.848879085646736,1106.5915887441047
MERCED,2001,214286,0,16.77604280514692,353.75428590063643
MERCED,2002,223881,12,16.254701657269997,249.05935710914864
MERCED,2003,229730,12,16.671475878468264,221.8208202473664
MERCED,2004,234043,12,16.44313774727009,330.4273803610325
MERCED,2005,239437,12,16.5979690759901,378.2728439966838
MERCED,2006,244444,12,16.28880408012047,363.2972165637833
MERCED,2007,250000,12,16.26041500278251,166.63377719134508
MERCED,2008,250000,12,16.500195560001192,235.87552163281546
MERCED,2009,253521,24,16.481877501679477,278.91034705392167
MERCED,2010,255605,60,16.09062825182758,439.7344777844403
MERCED,2011,259804,48,15.703420760139586,299.6788968498543
MERCED,2012,262712,60,16.874997058873454,316.74456042232583
MERCED,2013,263415,48,16.614816798734918,80.25962000731417
MERCED,2014,266010,48,18.109769534812404,260.5191681637962
MERCED,2015,266862,96,17.459487465954332,177.9709704511765
MERCED,2016,269103,84,17.462716301912984,392.6941937012055
MERCED,2017,272265,108,17.32139812007783,343.33204648164246
MERCED,2018,275100,132,17.137713019810025,286.00642922434895
MERCED,2019,278215,108,17.047756216513417,362.5488341897063
MERCED,2020,281139,84,17.392215563506678,153.24924936222786
MERCED,2021,282230,84,17.304213615321608,276.03317679751603
MERCED,2022,285124,72,17.31400736992952,211.4316132813639
MERCED,2023,289673,120,16.6137487970332,411.1450791939951
MONO,2003,13514,0,6.102561576602359,385.8044864498079
MONO,2007,14286,0,6.386122281352679,363.24859058856964
MONO,2018,13158,0,6.812045285478234,560.4937053324638
MONO,2021,13245,0,6.957245038822293,689.9946763217449
MONO,2023,13158,0,4.774918104677151,1029.0126278102398
MONTEREY,2001,400000,12,13.53434327350851,472.0143354181579
MONTEREY,2002,400000,12,13.530521845354617,321.3265214378082
MONTEREY,2003,400000,0,14.207549800378992,347.1866344662877
MONTEREY,2004,409091,24,14.04073694685902,384.55355214829046
MONTEREY,2005,408451,24,14.049682898814623,471.87929249998757
MONTEREY,2006,404959,48,13.569959731549506,492.1081825540333
MONTEREY,2007,407407,36,13.254856161315079,215.04004118461393
MONTEREY,2008,408451,24,13.408077749619592,334.85480178935546
MONTEREY,2009,414894,36,13.469422002440517,382.01687685587626
MONTEREY,2010,414815,60,13.259698909463234,550.91393370335
MONTEREY,2011,421384,72,13.171469651765422,384.9718197820848
MONTEREY,2012,424581,72,13.413034829121191,417.32164080739426
MONTEREY,2013,425926,72,13.530803888746835,92.87268510082275
MONTEREY,2014,428571,24,15.06821365572488,425.1193956560868
MONTEREY,2015,431818,36,15.01664058907518,234.17564506807176
MONTEREY,2016,436464,84,14.357830379387321,476.73119574862415
MONTEREY,2017,438356,192,14.630359939001139,489.2738761487456
MONTEREY,2018,439926,240,14.195407196927611,387.0604444120603
MONTEREY,2019,441315,192,14.343911630821845,575.267750905078
MONTEREY,2020,439394,120,14.720046747078015,228.39824835622017
MONTEREY,2021,437500,120,13.863594815954807,425.87854078390677
MONTEREY,2022,434615,108,14.044373046233044,292.0514208580192
MONTEREY,2023,432749,144,13.588941516999673,550.8034358261697
ORANGE,2001,3000000,24,17.122280039043126,365.84892796654435
ORANGE,2002,3000000,24,17.24639485166279,157.10105437763445
ORANGE,2003,3000000,24,18.113066931403544,314.8301214150432
ORANGE,2004,3000000,36,18.0901101696031,367.88292231945246
ORANGE,2005,3000000,36,17.948629916265258,492.0303731609827
ORANGE,2006,2866667,48,18.179365094813917,242.4802514841956
ORANGE,2007,3000000,36,18.052478991104508,111.86813500536428
ORANGE,2008,3071429,48,18.3564670100168,283.49852471085336
ORANGE,2009,2958333,72,18.231186480804784,186.55190169557164
ORANGE,2010,3000000,36,17.446305811696885,596.1377740272607
ORANGE,2011,3074074,84,17.32528563321058,222.78872716124775
ORANGE,2012,3108108,120,18.389364144541506,212.35981467300374
ORANGE,2013,3130435,72,18.20759068461071,103.16849572401948
ORANGE,2014,3080000,72,19.83994116324196,195.21797911728746
ORANGE,2015,3127273,168,19.59907966712819,185.10518178559573
ORANGE,2016,3205882,108,18.946254020802932,279.012688349144
ORANGE,2017,3194444,228,19.05437355770113,328.2600495538236
ORANGE,2018,3196721,192,18.91478769904962,206.94442926466448
ORANGE,2019,3175824,288,17.950570227854794,557.8734140686128
ORANGE,2020,3171053,240,18.713665795754064,233.71050494644837
ORANGE,2021,3153846,288,17.54623995273252,239.8213843015209
ORANGE,2022,3136842,300,18.287024693232375,155.50245443669507
ORANGE,2023,3150000,312,17.08194651041036,603.9046472787073
PLUMAS,2002,20833,0,9.301389906599763,1002.8581767916912
PLUMAS,2009,20000,0,9.227538770508199,937.2448696698993
PLUMAS,2011,20000,0,8.331358204462699,936.5278304655637
PLUMAS,2013,19802,0,9.54330588442584,337.1487016720431
PLUMAS,2014,19608,0,10.620189269383749,1027.5648673815385
PLUMAS,2018,19608,0,9.851006890247975,881.0441224895826
PLUMAS,2023,18868,0,8.404317938234835,1189.5641163011314
RIVERSIDE,2001,1666667,24,18.895988521850555,226.50880304493873
RIVERSIDE,2002,1647059,24,18.765952892898746,99.24651689743175
RIVERSIDE,2003,1733333,24,19.449214019907334,266.06068359360216
RIVERSIDE,2004,1884615,48,18.91042414702657,320.43297508751334
RIVERSIDE,2005,1923077,48,18.999697919134313,389.2387170600708
RIVERSIDE,2006,2037037,60,19.272271415249875,156.2500916042671
RIVERSIDE,2007,2043478,48,19.050801439174815,104.75707798139786
RIVERSIDE,2008,2090909,48,19.274562739344024,237.2901384925808
RIVERSIDE,2009,2171429,72,19.262827214893996,141.44418826069136
RIVERSIDE,2010,2184211,84,18.520013509723363,477.59478167592465
RIVERSIDE,2011,2250000,72,18.521231795676734,185.89483315776556
RIVERSIDE,2012,2240000,60,19.93965669396301,161.17078395170032
RIVERSIDE,2013,2266667,36,19.43988766917237,120.15192380086793
RIVERSIDE,2014,2235294,36,20.599640284495923,178.11108256739655
RIVERSIDE,2015,2280000,60,20.300472388703238,157.94311607196488
RIVERSIDE,2016,2370370,60,20.197063193664896,216.46822542840223
RIVERSIDE,2017,2368421,132,20.459632516022353,215.6146598052847
RIVERSIDE,2018,2366667,144,20.223125632972177,178.00193051463683
RIVERSIDE,2019,2396694,288,18.844237329129086,406.9648205965671
RIVERSIDE,2020,2426357,312,20.092307003922137,227.46571702065185
RIVERSIDE,2021,2433155,456,19.55809629239631,191.6797220231598
RIVERSIDE,2022,2440559,348,19.965920969402774,119.47651543148527
RIVERSIDE,2023,2452941,420,18.507513053743995,411.1890401397091
SAN BENITO,2001,55556,0,14.737129936615625,427.1542185094797
SAN BENITO,2003,55556,0,15.040691587660048,338.744752862709
SAN BENITO,2004,55556,0,14.864362676938375,381.84101136029983
SAN BENITO,2005,55556,0,14.910718831751081,471.514162788284
SAN BENITO,2006,54795,0,14.503596057494482,438.67505188348395
SAN BENITO,2008,55556,0,14.583895372019875,321.3521102567514
SAN BENITO,2010,55556,0,14.08676101764043,500.337349644133
SAN BENITO,2011,55556,0,13.830855720573002,298.7117068806353
SAN BENITO,2013,58824,0,14.773686627546947,90.80501958384049
SAN BENITO,2014,58824,0,16.199728687604267,345.15614164446015
SAN BENITO,2016,60000,0,15.245254443751442,440.6049588600076
SAN BENITO,2017,60606,0,15.546170390314526,470.2341098046745
SAN BENITO,2018,61224,0,15.193022774325476,334.6902074214522
SAN BENITO,2019,63291,0,15.086022645235062,497.3369107908594
SAN BENITO,2020,64516,0,15.57282480928633,192.61571170762977
SAN BENITO,2021,65359,12,14.8507659567727,383.33740025140867
SAN BENITO,2022,66667,0,15.368206126822365,260.2165347232173
SAN BENITO,2023,66667,0,14.50900071197086,505.8769144939092
SAN BERNARDINO,2001,1857143,12,17.25640004969739,316.30708983271444
SAN BERNARDINO,2002,1888889,12,17.346736097996136,158.26593739086377
SAN BERNARDINO,2003,1875000,12,17.920991661274893,334.26400454136666
SAN BERNARDINO,2004,1928571,24,17.468699428995002,404.6850333085765
SAN BERNARDINO,2005,1944444,36,17.393703038124727,543.0954270577355
SAN BERNARDINO,2006,1941176,36,17.69298709776034,264.2889957367664
SAN BERNARDINO,2007,2000000,24,17.701392672115933,148.69009417096154
SAN BERNARDINO,2008,2090909,24,17.874792761566418,320.70472154569416
SAN BERNARDINO,2009,2000000,36,17.668295392125728,204.75488160236804
SAN BERNARDINO,2010,2028571,72,16.79246711918837,688.0066768436211
SAN BERNARDINO,2011,2083333,48,16.874829046017837,252.68112758330253
SAN BERNARDINO,2012,2107143,60,18.273166271607433,218.36983720155735
SAN BERNARDINO,2013,2130435,48,17.856222530934847,140.0381509103804
SAN BERNARDINO,2014,2062500,36,19.097881780161877,226.46904379853294
SAN BERNARDINO,2015,2071429,24,18.67041189246536,199.22307243473537
SAN BERNARDINO,2016,2111111,36,18.51807544951211,292.86327306907043
SAN BERNARDINO,2017,2146341,84,18.89144987755126,284.4501296630526
SAN BERNARDINO,2018,2155556,96,18.589737893579173,249.07096898596373
SAN BERNARDINO,2019,2180952,228,17.362232213220338,547.8767789934566
SAN BERNARDINO,2020,2177570,228,18.67789339912637,255.55740899755523
SAN BERNARDINO,2021,2185841,252,18.0540898840592,280.0519286621063
SAN BERNARDINO,2022,2180952,228,18.29778197981172,159.75740302479565
SAN BERNARDINO,2023,2206897,132,16.732974353950546,576.442917143584
SAN DIEGO,2001,2850000,60,16.578639954706464,284.18430439945314
SAN DIEGO,2002,2950000,60,16.501909516751766,149.7543947562479
SAN DIEGO,2003,2894737,60,17.19587800009311,253.27839950148882
SAN DIEGO,2004,2952381,60,17.120209306100573,371.2451165536286
SAN DIEGO,2005,2920000,72,17.28033148097819,415.137051758126
SAN DIEGO,2006,2944444,48,17.525336198670708,220.87512537283604
SAN DIEGO,2007,3037037,84,17.03200867615532,181.1315593133058
SAN DIEGO,2008,3022222,132,17.64578242416399,317.9481505296295
SAN DIEGO,2009,3068182,132,17.46436694070049,186.29796046330142
SAN DIEGO,2010,3113636,132,16.482970069284026,542.7810218676128
SAN DIEGO,2011,3148936,144,16.58302043259576,299.12693769624406
SAN DIEGO,2012,3159091,144,17.477215953387212,230.10037542936817
SAN DIEGO,2013,3206897,96,17.307332949577898,155.41370637164127
SAN DIEGO,2014,3259259,84,18.958051646101303,200.71683764288645
SAN DIEGO,2015,3228571,108,18.79419852750025,233.16305432618208
SAN DIEGO,2016,3300000,132,18.305692851597417,316.1639866580939
SAN DIEGO,2017,3261905,276,18.3399627322628,310.83880610925917
SAN DIEGO,2018,3285714,276,18.11091458549102,234.7653892042721
SAN DIEGO,2019,3283465,420,17.23293404335129,503.9878300156024
SAN DIEGO,2020,3292857,456,18.05635801432789,310.67322851170707
SAN DIEGO,2021,3294118,444,17.02128478296209,257.13173232135176
SAN DIEGO,2022,3267717,420,17.552831757165816,180.57946426914194
SAN DIEGO,2023,3301471,444,16.551790144726418,530.9332679640089
SAN JOAQUIN,2001,578947,12,16.367147408225982,411.3602786157159
SAN JOAQUIN,2002,606061,24,15.789734231101143,369.5152032395762
SAN JOAQUIN,2003,629630,12,16.326451239001248,376.08611821566825
SAN JOAQUIN,2004,636364,24,16.213722912287803,399.3421423311991
SAN JOAQUIN,2005,650000,24,16.318548392061988,470.2246002282187
SAN JOAQUIN,2006,661017,36,16.159760892619573,426.09653577290175
SAN JOAQUIN,2007,671429,48,16.13738362291307,226.62048540457724
SAN JOAQUIN,2008,680000,36,16.034253559121684,272.80178392111657
SAN JOAQUIN,2009,682927,24,16.05032429521568,323.3009271290629
SAN JOAQUIN,2010,687500,60,15.482544172769305,509.2935255676559
SAN JOAQUIN,2011,693750,108,14.971683732394514,314.5628510926262
SAN JOAQUIN,2012,701923,72,15.899367155014783,384.8354093236417
SAN JOAQUIN,2013,708333,48,15.855475297376113,137.23061719421167
SAN JOAQUIN,2014,717647,60,17.2233851179766,380.8713924992028
SAN JOAQUIN,2015,729323,96,16.98530110362846,186.83087928597936
SAN JOAQUIN,2016,740310,192,16.801731720052917,468.0126383852685
SAN JOAQUIN,2017,750000,204,16.84319173878637,496.3679088555207
SAN JOAQUIN,2018,758621,240,16.54211711837871,364.62207531440873
SAN JOAQUIN,2019,771350,276,16.581271746834574,447.87742871845734
SAN JOAQUIN,2020,779070,132,17.262608490227738,150.83806498603064
SAN JOAQUIN,2021,783784,120,16.640004910728486,390.98757230928004
SAN JOAQUIN,2022,781955,108,16.651503303726972,245.9913481296423
SAN JOAQUIN,2023,788288,348,16.208793588068293,525.809384318383
SAN LUIS OBISPO,2001,251397,48,14.381018003979744,620.4210237141792
SAN LUIS OBISPO,2002,254144,48,14.079383467706505,331.6607750624269
SAN LUIS OBISPO,2003,255639,72,14.860326482477971,314.9558911176844
SAN LUIS OBISPO,2004,258242,96,14.542192894479502,503.5590701054765
SAN LUIS OBISPO,2005,260116,96,14.648163859970904,498.7389551307473
SAN LUIS OBISPO,2006,261654,168,14.365404784967359,487.17996467827027
SAN LUIS OBISPO,2007,264331,84,14.277532707665854,202.90149027900875
SAN LUIS OBISPO,2008,266447,84,14.536514246521364,387.64947599174036
SAN LUIS OBISPO,2009,268041,72,14.439223802032101,354.1692462006568
SAN LUIS OBISPO,2010,269737,168,13.919086694717407,715.6967515383136
SAN LUIS OBISPO,2011,271722,168,13.945097012220373,447.7572264276369
SAN LUIS OBISPO,2012,274809,108,14.660094999460782,383.30851324621784
SAN LUIS OBISPO,2013,276042,48,14.860082557811829,93.20576075542645
SAN LUIS OBISPO,2014,278351,24,16.174581168354422,320.4721735996792
SAN LUIS OBISPO,2015,280172,60,15.994209749111231,199.9996368871125
SAN LUIS OBISPO,2016,281828,264,15.308720376180565,450.2331145716108
SAN LUIS OBISPO,2017,282134,444,15.731233675698727,571.2658079977068
SAN LUIS OBISPO,2018,283034,348,15.330774326255355,407.9948499580357
SAN LUIS OBISPO,2019,282700,264,14.585886959292463,662.0327820519835
SAN LUIS OBISPO,2020,282540,180,15.210369455641594,237.47747368414727
SAN LUIS OBISPO,2021,278583,168,14.758965707631504,480.6859544949033
SAN LUIS OBISPO,2022,279612,144,14.946011765567578,293.94739503312593
SAN LUIS OBISPO,2023,280992,240,14.434206586529092,849.2248514572926
SANTA BARBARA,2001,400000,12,14.663727591067184,678.4632288334628
SANTA BARBARA,2002,407407,12,14.484957731064455,331.92422797583623
SANTA BARBARA,2003,400000,12,15.244067759425551,352.7250507062478
SANTA BARBARA,2004,406250,12,14.984900056212037,456.9760010129989
SANTA BARBARA,2005,409836,24,15.156167972235032,676.7942667128079
SANTA BARBARA,2006,412698,24,15.165384867309053,486.65871898027336
SANTA BARBARA,2007,421053,12,14.730619050470398,202.26520991384334
SANTA BARBARA,2008,423077,12,15.050484949791873,499.93626637157985
SANTA BARBARA,2009,418605,24,14.838864274231005,340.1757968347758
SANTA BARBARA,2010,423529,36,14.296995694254651,763.9154757806118
SANTA BARBARA,2011,422222,24,14.362179966252526,446.94041598952697
SANTA BARBARA,2012,428571,24,14.950568908158644,339.8810057113261
SANTA BARBARA,2013,433962,24,15.028914193680258,113.50066816427743
SANTA BARBARA,2014,441176,12,16.5252705194332,302.60703817036557
SANTA BARBARA,2015,438596,24,16.565830237703558,139.98755761705064
SANTA BARBARA,2016,442857,60,15.830424703197714,386.07110649302746
SANTA BARBARA,2017,445736,120,16.085455087232003,452.7826240874966
SANTA BARBARA,2018,447699,108,15.989742159843445,342.41666208053897
SANTA BARBARA,2019,449102,72,15.430934804825135,665.4909500560295
SANTA BARBARA,2020,450000,60,16.040918013195935,274.4320121085671
SANTA BARBARA,2021,440000,72,15.236969613734587,416.25099444743927
SANTA BARBARA,2022,440860,36,15.631335490279728,251.71859395720443
SANTA BARBARA,2023,446701,84,14.876754698562033,898.6307476767404
SANTA CRUZ,2001,250000,0,13.365733820459116,934.2351377589387
SANTA CRUZ,2002,250000,0,13.188115468347707,710.8249779557999
SANTA CRUZ,2005,250000,0,13.816107144102382,969.333977997766
SANTA CRUZ,2006,250000,0,13.374585777665105,870.7628813107622
SANTA CRUZ,2007,250000,0,13.161282361417577,396.2215756688385
SANTA CRUZ,2008,250000,0,13.356792754597134,622.8967132543708
SANTA CRUZ,2009,272727,0,13.402709871098615,705.694039320785
SANTA CRUZ,2010,263158,0,13.089961645107914,1009.0014098308678
SANTA CRUZ,2011,272727,0,12.955459584936428,702.0765895313822
SANTA CRUZ,2012,270270,12,13.074832268959081,855.6234430854918
SANTA CRUZ,2013,277778,0,13.298376091436488,127.34161597831802
SANTA CRUZ,2014,272727,0,14.696947381116342,774.7426014368043
SANTA CRUZ,2015,250000,0,14.666971105884238,408.4486123233437
SANTA CRUZ,2016,272727,12,14.331210050030032,1005.6343562984869
SANTA CRUZ,2017,272727,12,14.422237140544947,1142.4164577138447
SANTA CRUZ,2018,274510,12,13.948000404569838,638.0259897270441
SANTA CRUZ,2019,272727,24,14.120884728892413,1143.9343514565485
SANTA CRUZ,2020,272727,0,14.304169642176605,381.12820449324295
SANTA CRUZ,2021,261538,12,13.585701935533164,799.5995045198291
SANTA CRUZ,2022,264706,24,13.760664838523681,576.6119148921234
SANTA CRUZ,2023,265625,12,13.329733501309933,1114.181104861075
SISKIYOU,2005,45455,0,9.765122952676998,1148.0064255989273
SISKIYOU,2007,45455,0,9.859161459879639,630.9690908682533
SISKIYOU,2009,45455,0,9.955122528752932,686.5069823888692
SISKIYOU,2013,45455,0,10.201589585456531,337.27119114249945
SISKIYOU,2016,44444,0,10.528187830001116,1161.5151853978605
SISKIYOU,2017,44444,0,10.33038104661197,1040.8332934714854
SISKIYOU,2019,43478,0,9.862703080056235,977.0570209475991
SISKIYOU,2020,44444,0,10.845637154086338,453.5196128736716
SISKIYOU,2022,43478,0,10.524443950038403,528.9909800998867
SOLANO,2001,428571,0,15.808076963027318,629.104058908224
SOLANO,2004,500000,0,15.734805501699448,553.2040179159492
SOLANO,2005,400000,0,15.376844131946564,768.2905836778679
SOLANO,2006,407407,12,15.285475823879242,664.3957404668065
SOLANO,2007,400000,0,15.33751922170321,323.98638514173217
SOLANO,2008,407407,12,15.400609045823415,437.28514497844185
SOLANO,2009,400000,0,15.390743989547094,518.6209464070465
SOLANO,2010,416667,12,14.8280291112264,706.7680340623094
SOLANO,2011,416667,12,14.484083710511525,456.6493724800843
SOLANO,2012,421053,12,15.367180902957916,641.9729943197456
SOLANO,2013,428571,0,15.532522863149643,145.54743161760652
SOLANO,2014,416667,0,16.816635195414225,632.4741457210459
SOLANO,2015,431818,24,16.635041862328848,225.64064422462064
SOLANO,2016,444444,12,16.244039362668993,605.2972786616682
SOLANO,2017,450000,24,16.42595288157463,784.0062194019753
SOLANO,2018,447368,12,16.011590510209402,477.37281480021727
SOLANO,2019,453333,36,16.046755695740384,778.502658842278
SOLANO,2020,448980,24,16.857458826700846,183.08789598170756
SOLANO,2021,447368,36,16.35577033917109,575.1286042293218
SOLANO,2022,442623,24,16.404302652279537,302.07373207849236
SOLANO,2023,446154,24,15.521847788492838,754.6608718569938
STANISLAUS,2001,444444,0,16.811351292899676,391.9868417047446
STANISLAUS,2002,470588,12,16.295403401056927,267.8382228525783
STANISLAUS,2003,484848,12,16.634974541408674,252.3868710707185
STANISLAUS,2004,485714,12,16.39657867983693,298.8730089360466
STANISLAUS,2005,500000,12,16.45402893530471,386.99353581791627
STANISLAUS,2006,500000,24,16.431595962672006,371.63525167938946
STANISLAUS,2007,513514,24,16.49965978023552,172.49058236464148
STANISLAUS,2008,517241,12,16.555814630928495,247.08889318914567
STANISLAUS,2009,514286,24,16.491008599599205,284.6090518215042
STANISLAUS,2010,514851,48,15.897435729702314,468.71190177967736
STANISLAUS,2011,517857,60,15.480149586640653,326.8610355530433
STANISLAUS,2012,525424,60,16.497005728383858,360.54302569488897
STANISLAUS,2013,527027,36,16.431435426076252,119.03676196856395
STANISLAUS,2014,529412,36,17.78189871566636,331.7529298257634
STANISLAUS,2015,533333,48,17.521964363399004,202.70319443353108
STANISLAUS,2016,540000,84,17.725739430458773,413.0525042201792
STANISLAUS,2017,547085,120,17.72082220869405,361.27724629398494
STANISLAUS,2018,550725,72,17.203308766086895,318.2932075046535
STANISLAUS,2019,551020,84,17.07310700487523,396.51181517404774
STANISLAUS,2020,553719,72,17.59119698901971,156.61553620259383
STANISLAUS,2021,553459,84,17.113025455247787,371.5765355670516
STANISLAUS,2022,549180,72,17.019928827172233,220.440788686266
STANISLAUS,2023,547945,120,16.621870024573234,470.2046532009122
TEHAMA,2001,57143,0,16.80980043751853,802.6753691435773
TEHAMA,2012,62500,0,16.668812050705863,760.9678948679274
TEHAMA,2013,62500,0,17.040958237080346,185.66947761517537
TEHAMA,2014,62500,0,17.98923589502062,778.5111238964894
TEHAMA,2016,62500,0,17.265569422926223,911.4589235175933
TEHAMA,2018,66667,0,17.231100624515896,589.2302117123493
TEHAMA,2019,64516,0,16.80733724009423,984.3704559793529
TEHAMA,2020,65217,0,17.875187025183724,297.91101101523134
TEHAMA,2021,64516,0,17.483283533936454,553.6405456812562
TEHAMA,2022,66667,0,17.382579939705984,369.02989894933353
TEHAMA,2023,64516,0,16.404082272733962,833.7097766787878
TRINITY,2009,13699,0,10.936679706598321,1153.5943021820858
TRINITY,2018,15873,0,11.466801618536314,951.5236686915159
TULARE,2001,373737,72,17.48300169200055,355.8728683298263
TULARE,2002,381974,84,17.00344957763323,191.96300011463578
TULARE,2003,390710,144,17.478357578076206,232.97469802195903
TULARE,2004,400000,156,16.981455601100784,234.43528075197608
TULARE,2005,408497,120,16.914120836936927,305.4518338375551
TULARE,2006,416136,192,16.67103850805354,376.2476994922075
TULARE,2007,423645,168,16.6693206832271,165.07133027933986
TULARE,2008,431330,204,16.851016054382022,223.28077912288745
TULARE,2009,438697,228,16.756336331295156,201.15158578527874
TULARE,2010,441913,192,16.276635597969335,459.91576732968014
TULARE,2011,447917,132,15.962163161184987,235.665580121409
TULARE,2012,450581,156,17.250051581346003,245.52262320384298
TULARE,2013,453125,120,17.038511693525855,87.86329313210759
TULARE,2014,455696,108,18.509464411288018,201.13414444094295
TULARE,2015,459770,120,17.904272591243092,214.66329197860966
TULARE,2016,462107,252,17.88087215826735,275.22230818729173
TULARE,2017,465490,288,17.8909364260709,313.06601865826565
TULARE,2018,467320,288,17.65513890084711,219.80200334456975
TULARE,2019,470387,408,17.184870795675323,364.92746599536247
TULARE,2020,472669,288,17.752930282147958,170.7780097118879
TULARE,2021,474886,312,17.86798403920865,251.74784837725628
TULARE,2022,475155,312,17.64203795896765,188.18408743495797
TULARE,2023,476241,456,16.96322452742305,462.7289551679118
TUOLUMNE,2001,55556,0,13.864592653181818,978.5357402152795
TUOLUMNE,2002,55556,0,13.613177231461224,781.4155486326976
TUOLUMNE,2003,55556,0,13.881616390068773,809.5453174849088
TUOLUMNE,2004,56604,0,13.596700335059452,747.3025732828869
TUOLUMNE,2006,56604,0,13.422312860929027,1124.9849880275042
TUOLUMNE,2007,56604,0,13.6090130455516,592.7171582612274
TUOLUMNE,2009,55556,0,13.554792983457446,858.0478848148551
TUOLUMNE,2010,55556,0,12.704083147424239,1360.3251333786175
TUOLUMNE,2011,55556,0,12.562161670325118,863.8899735599342
TUOLUMNE,2012,54545,0,13.83285132188488,987.6628525086755
TUOLUMNE,2015,55556,0,14.582146538076577,636.7187505683739
TUOLUMNE,2016,55046,0,14.201725510018015,1014.7728816659252
TUOLUMNE,2017,55046,0,14.432309443476024,1321.3946090258576
TUOLUMNE,2018,55556,0,14.381858887823505,816.1291733819432
TUOLUMNE,2019,55556,0,13.552449175863767,1201.736584340205
TUOLUMNE,2020,55556,0,14.895109803105393,470.44494654652146
TUOLUMNE,2021,55556,0,14.844439061979452,791.9795350793913
TUOLUMNE,2022,54054,0,14.738906080524126,610.1359267565939
TUOLUMNE,2023,52632,0,13.54885277096872,1168.0241325249274
VENTURA,2001,777778,24,15.79801106200647,583.5060818021094
VENTURA,2002,769231,12,15.816458044018486,241.04499600050957
VENTURA,2003,796296,48,16.551483156819824,358.57213708745087
VENTURA,2004,792453,84,16.389013422649793,425.7100513463633
VENTURA,2005,787879,24,16.38145178209537,695.7521538015554
VENTURA,2006,805556,24,16.37746335947114,373.0562373699485
VENTURA,2007,802198,72,16.088740436488358,178.26213515430572
VENTURA,2008,810345,48,16.476050558964833,367.08949158235447
VENTURA,2009,822581,48,16.252504944591085,273.9298606262958
VENTURA,2010,820513,60,15.608329445806971,606.5497510379992
VENTURA,2011,829268,36,15.590234946321559,341.24696593241333
VENTURA,2012,841121,96,16.396853755811325,253.72890427177256
VENTURA,2013,847826,36,16.442796776534387,96.6213961117208
VENTURA,2014,840000,48,17.79578717507593,262.7544590957824
VENTURA,2015,857143,48,17.8486235053451,145.11186196408917
VENTURA,2016,855263,60,17.30612069652194,293.00201299845827
VENTURA,2017,850993,252,17.54001379475602,367.7903776973388
VENTURA,2018,849817,228,17.283794789507695,268.47580139874066
VENTURA,2019,846154,372,16.380174003896258,607.0705008100226
VENTURA,2020,844444,264,17.032672500273957,213.97326601517813
VENTURA,2021,839286,192,16.178132618125364,347.1947932136173
VENTURA,2022,828767,240,16.860528092956205,168.31935885377897
VENTURA,2023,824363,288,15.777520241140268,824.1668551455264
YOLO,2001,166667,0,16.771196406592363,600.441844411616
YOLO,2002,181818,0,16.24798613374338,450.98775989154603
YOLO,2003,181818,0,16.528518712745523,457.9033098127159
YOLO,2004,187500,0,16.52577392185259,484.49184869456474
YOLO,2005,200000,0,16.451340465425695,614.1878692917142
YOLO,2006,200000,0,16.32509264181245,479.0218085649441
YOLO,2007,200000,0,16.43347254489203,277.19582196320454
YOLO,2008,200000,0,16.33834253467104,409.6109214251216
YOLO,2009,200000,0,16.335824982925033,450.4587093974059
YOLO,2010,200000,0,15.854141791661581,636.2269908579868
YOLO,2011,200000,0,15.409656998496386,453.21784571208883
YOLO,2012,200000,0,16.413444414078814,591.7584172077807
YOLO,2014,214286,0,17.776239186712782,505.00024374998327
YOLO,2015,210526,0,17.298342544327742,202.73354940461766
YOLO,2016,214286,0,16.953219304294706,536.2028867758213
YOLO,2017,210526,0,16.94082469760247,748.113484023863
YOLO,2018,214286,0,16.56906004371883,443.2461791758602
YOLO,2019,216216,12,16.639557701236797,765.2744045541622
YOLO,2020,219512,12,17.339176287441134,166.05717454389927
YOLO,2021,216216,12,16.966417059958356,482.87224524032393
YOLO,2022,225000,12,17.000792009275663,278.4227504525728
YOLO,2023,224138,12,16.126587296431918,632.3960302268102
YUBA,2005,66667,0,16.221716533627426,805.6912557741039
YUBA,2008,71429,0,16.250379788248164,469.9043701654055
YUBA,2011,71429,0,15.396623828954864,599.8902881200377
YUBA,2013,76923,0,16.447721625629224,197.48355880021546
YUBA,2017,78947,0,17.084503493810956,864.2314660489362
YUBA,2018,80000,0,16.627052639660082,618.8742385503045
YUBA,2019,80645,0,16.473741159104463,894.7786595333922
YUBA,2020,83333,0,17.237162753155356,268.4652685412864
YUBA,2021,83333,0,17.026366202454817,601.9685378865727
YUBA,2022,83333,0,17.08019392950493,390.2431194058422
